{
    "Distortion": [
        0.0,
        0.0,
        0.0,
        0.0
    ],
    "ImageCalibrationSize": [
        1290,
        968
    ],
    "Intrinsic": [
        [
            890.625,
            0.0,
            0.0
        ],
        [
            0.0,
            890.625,
            0.0
        ],
        [
            645.3333740234375,
            484.0,
            1.0
        ]
    ],
    "NumGridPoints": [
        2,
        2
    ],
    "RCImagePos": [
        [
            0.7471590638160706,
            0.2737603187561035
        ],
        [
            0.46823346614837646,
            0.1528925597667694
        ],
        [
            0.2900310158729553,
            0.4204545319080353
        ],
        [
            0.6038222908973694,
            0.6208677887916565
        ]
    ],
    "RCWorldPos": [
        [
            -24.0,
            24.0,
            0.0
        ],
        [
            -24.0,
            -24.0,
            0.0
        ],
        [
            24.0,
            -24.0,
            0.0
        ],
        [
            24.0,
            24.0,
            0.0
        ]
    ],
    "RCWorldSize": [
        48.0,
        48.0
    ],
    "RefImageFilePath": "/home/tilen/dev/Omvex/test1/1.jpg",
    "Rotation": [
        [
            -0.5018165707588196,
            0.8627466559410095,
            -0.06203460320830345
        ],
        [
            0.7452742457389832,
            0.3948574364185333,
            -0.5372652411460876
        ],
        [
            -0.4390289783477783,
            -0.315841406583786,
            -0.8411288857460022
        ]
    ],
    "Rvec": [
        1.4248714447021484,
        2.425974130630493,
        -0.7559399604797363
    ],
    "Translation": [
        57.58185577392578,
        34.757720947265625,
        74.3235092163086
    ],
    "Tvec": [
        3.5190510749816895,
        -16.70718002319336,
        98.77367401123047
    ]
}