{
    "Distortion": [
        0.0,
        0.0,
        0.0,
        0.0
    ],
    "ImageCalibrationSize": [
        1290,
        968
    ],
    "Intrinsic": [
        [
            996.875,
            0.0,
            0.0
        ],
        [
            0.0,
            996.875,
            0.0
        ],
        [
            645.3333740234375,
            484.0,
            1.0
        ]
    ],
    "NumGridPoints": [
        2,
        2
    ],
    "RCImagePos": [
        [
            0.8920454382896423,
            0.4307851195335388
        ],
        [
            0.6456611752510071,
            0.09090909361839294
        ],
        [
            0.22727274894714355,
            0.1332644671201706
        ],
        [
            0.23657026886940002,
            0.5847107172012329
        ]
    ],
    "RCWorldPos": [
        [
            -24.0,
            24.0,
            0.0
        ],
        [
            -24.0,
            -24.0,
            0.0
        ],
        [
            24.0,
            -24.0,
            0.0
        ],
        [
            24.0,
            24.0,
            0.0
        ]
    ],
    "RCWorldSize": [
        48.0,
        48.0
    ],
    "RefImageFilePath": "/home/tilen/dev/Omvex/test1/2.jpg",
    "Rotation": [
        [
            -0.9655813574790955,
            0.258412629365921,
            0.029589636251330376
        ],
        [
            0.16062505543231964,
            0.6818996071815491,
            -0.7135912775993347
        ],
        [
            -0.20457816123962402,
            -0.6842776536941528,
            -0.6999370455741882
        ]
    ],
    "Rvec": [
        0.34580618143081665,
        2.7624194622039795,
        -1.1535757780075073
    ],
    "Translation": [
        17.32164764404297,
        59.00401306152344,
        37.41253662109375
    ],
    "Tvec": [
        0.3710547387599945,
        -16.31983757019043,
        70.10517883300781
    ]
}