{
    "Distortion": [
        0.0,
        0.0,
        0.0,
        0.0
    ],
    "ImageCalibrationSize": [
        1290,
        968
    ],
    "Intrinsic": [
        [
            1006.25,
            0.0,
            0.0
        ],
        [
            0.0,
            1006.25,
            0.0
        ],
        [
            645.3333740234375,
            484.0,
            1.0
        ]
    ],
    "NumGridPoints": [
        2,
        2
    ],
    "RCImagePos": [
        [
            0.26756200194358826,
            0.2820248007774353
        ],
        [
            0.43801653385162354,
            0.5433884263038635
        ],
        [
            0.692148745059967,
            0.34917354583740234
        ],
        [
            0.5054235458374023,
            0.16219007968902588
        ]
    ],
    "RCWorldPos": [
        [
            -24.0,
            24.0,
            0.0
        ],
        [
            -24.0,
            -24.0,
            0.0
        ],
        [
            24.0,
            -24.0,
            0.0
        ],
        [
            24.0,
            24.0,
            0.0
        ]
    ],
    "RCWorldSize": [
        48.0,
        48.0
    ],
    "RefImageFilePath": "/home/tilen/dev/Omvex/test1/3.jpg",
    "Rotation": [
        [
            0.7935328483581543,
            -0.6071473360061646,
            0.04095977917313576
        ],
        [
            -0.4452003538608551,
            -0.6251213550567627,
            -0.6411083936691284
        ],
        [
            0.4148520827293396,
            0.49050524830818176,
            -0.7663565278053284
        ]
    ],
    "Rvec": [
        2.348762273788452,
        -0.7760459184646606,
        0.33613502979278564
    ],
    "Translation": [
        -57.83756637573242,
        -76.09827423095703,
        80.59403228759766
    ],
    "Tvec": [
        -3.607971668243408,
        -21.650449752807617,
        123.08440399169922
    ]
}