{
    "Distortion": [
        0.0,
        0.0,
        0.0,
        0.0
    ],
    "ImageCalibrationSize": [
        1290,
        968
    ],
    "Intrinsic": [
        [
            1203.125,
            0.0,
            0.0
        ],
        [
            0.0,
            1203.125,
            0.0
        ],
        [
            645.3333740234375,
            484.0,
            1.0
        ]
    ],
    "NumGridPoints": [
        2,
        2
    ],
    "RCImagePos": [
        [
            0.3101756274700165,
            0.2654958665370941
        ],
        [
            0.3248966932296753,
            0.6880165338516235
        ],
        [
            0.7006714940071106,
            0.6229338645935059
        ],
        [
            0.6255165338516235,
            0.23553718626499176
        ]
    ],
    "RCWorldPos": [
        [
            -24.0,
            24.0,
            0.0
        ],
        [
            -24.0,
            -24.0,
            0.0
        ],
        [
            24.0,
            -24.0,
            0.0
        ],
        [
            24.0,
            24.0,
            0.0
        ]
    ],
    "RCWorldSize": [
        48.0,
        48.0
    ],
    "RefImageFilePath": "/home/tilen/dev/Omvex/test1/4.jpg",
    "Rotation": [
        [
            0.9889277219772339,
            -0.13933901488780975,
            0.051055360585451126
        ],
        [
            -0.10163901746273041,
            -0.8866561651229858,
            -0.4511212110519409
        ],
        [
            0.10812733322381973,
            0.4409370422363281,
            -0.8910011053085327
        ]
    ],
    "Rvec": [
        2.669968366622925,
        -0.17081885039806366,
        0.11283769458532333
    ],
    "Translation": [
        -13.466057777404785,
        -62.7264289855957,
        111.6368408203125
    ],
    "Tvec": [
        -1.1229397058486938,
        -6.62370491027832,
        128.5830078125
    ]
}