{
    "Distortion": [
        0.0,
        0.0,
        0.0,
        0.0
    ],
    "ImageCalibrationSize": [
        1290,
        968
    ],
    "Intrinsic": [
        [
            929.6875,
            0.0,
            0.0
        ],
        [
            0.0,
            929.6875,
            0.0
        ],
        [
            645.3333740234375,
            484.0,
            1.0
        ]
    ],
    "NumGridPoints": [
        2,
        2
    ],
    "RCImagePos": [
        [
            0.38533058762550354,
            0.2737603187561035
        ],
        [
            0.1947314292192459,
            0.4555785059928894
        ],
        [
            0.692148745059967,
            0.5692148804664612
        ],
        [
            0.7084193825721741,
            0.32438015937805176
        ]
    ],
    "RCWorldPos": [
        [
            -24.0,
            24.0,
            0.0
        ],
        [
            -24.0,
            -24.0,
            0.0
        ],
        [
            24.0,
            -24.0,
            0.0
        ],
        [
            24.0,
            24.0,
            0.0
        ]
    ],
    "RCWorldSize": [
        48.0,
        48.0
    ],
    "RefImageFilePath": "/home/tilen/dev/Omvex/test1/5.jpg",
    "Rotation": [
        [
            0.9637172818183899,
            0.2650476098060608,
            0.03160327300429344
        ],
        [
            0.15938861668109894,
            -0.47644349932670593,
            -0.8646368384361267
        ],
        [
            -0.21411274373531342,
            0.8383026719093323,
            -0.5014024376869202
        ]
    ],
    "Rvec": [
        2.0771076679229736,
        0.29970449209213257,
        -0.128874272108078
    ],
    "Translation": [
        20.658618927001953,
        -76.92658233642578,
        33.613380432128906
    ],
    "Tvec": [
        -0.5821552872657776,
        -10.8805570602417,
        85.76486206054688
    ]
}