{
    "Distortion": [
        0.0,
        0.0,
        0.0,
        0.0
    ],
    "ImageCalibrationSize": [
        1290,
        968
    ],
    "Intrinsic": [
        [
            853.125,
            0.0,
            0.0
        ],
        [
            0.0,
            853.125,
            0.0
        ],
        [
            645.3333740234375,
            484.0,
            1.0
        ]
    ],
    "NumGridPoints": [
        2,
        2
    ],
    "RCImagePos": [
        [
            0.5898760557174683,
            0.1694214940071106
        ],
        [
            0.28228306770324707,
            0.31301653385162354
        ],
        [
            0.4194214940071106,
            0.7510330677032471
        ],
        [
            0.7711776494979858,
            0.5278925895690918
        ]
    ],
    "RCWorldPos": [
        [
            -24.0,
            24.0,
            0.0
        ],
        [
            -24.0,
            -24.0,
            0.0
        ],
        [
            24.0,
            -24.0,
            0.0
        ],
        [
            24.0,
            24.0,
            0.0
        ]
    ],
    "RCWorldSize": [
        48.0,
        48.0
    ],
    "RefImageFilePath": "6.jpg",
    "Rotation": [
        [
            0.4311749041080475,
            0.9013873338699341,
            0.03986259549856186
        ],
        [
            0.8356958627700806,
            -0.3823156952857971,
            -0.39426788687705994
        ],
        [
            -0.340148001909256,
            0.20331142842769623,
            -0.9181305766105652
        ]
    ],
    "Rvec": [
        2.33417010307312,
        1.4843374490737915,
        -0.25659385323524475
    ],
    "Translation": [
        35.41893005371094,
        -22.865032196044922,
        76.37650299072266
    ],
    "Tvec": [
        2.2939324378967285,
        -8.228310585021973,
        86.82000732421875
    ]
}
