{
    "Distortion": [
        0.0,
        0.0,
        0.0,
        0.0
    ],
    "ImageCalibrationSize": [
        1290,
        968
    ],
    "Intrinsic": [
        [
            1003.125,
            0.0,
            0.0
        ],
        [
            0.0,
            1003.125,
            0.0
        ],
        [
            645.3333740234375,
            484.0,
            1.0
        ]
    ],
    "NumGridPoints": [
        2,
        2
    ],
    "RCImagePos": [
        [
            0.6487603187561035,
            0.5971074104309082
        ],
        [
            0.7378615736961365,
            0.2582644522190094
        ],
        [
            0.4310433864593506,
            0.14256198704242706
        ],
        [
            0.23579546809196472,
            0.39772728085517883
        ]
    ],
    "RCWorldPos": [
        [
            -24.0,
            24.0,
            0.0
        ],
        [
            -24.0,
            -24.0,
            0.0
        ],
        [
            24.0,
            -24.0,
            0.0
        ],
        [
            24.0,
            24.0,
            0.0
        ]
    ],
    "RCWorldSize": [
        48.0,
        48.0
    ],
    "RefImageFilePath": "/home/tilen/dev/Omvex/test1/7.jpg",
    "Rotation": [
        [
            -0.9196639060974121,
            -0.3872796893119812,
            0.06505974382162094
        ],
        [
            -0.32841143012046814,
            0.6676279306411743,
            -0.6681458353996277
        ],
        [
            0.21532361209392548,
            -0.6358360052108765,
            -0.7411803603172302
        ]
    ],
    "Rvec": [
        0.6005518436431885,
        -2.7929928302764893,
        1.094199299812317
    ],
    "Translation": [
        -24.756189346313477,
        73.7969741821289,
        60.827239990234375
    ],
    "Tvec": [
        1.8552887439727783,
        -16.75766372680664,
        97.33731842041016
    ]
}