{
    "Distortion": [
        0.0,
        0.0,
        0.0,
        0.0
    ],
    "ImageCalibrationSize": [
        1290,
        968
    ],
    "Intrinsic": [
        [
            1096.875,
            0.0,
            0.0
        ],
        [
            0.0,
            1096.875,
            0.0
        ],
        [
            645.3333740234375,
            484.0,
            1.0
        ]
    ],
    "NumGridPoints": [
        2,
        2
    ],
    "RCImagePos": [
        [
            0.7448347210884094,
            0.2747933864593506
        ],
        [
            0.46668389439582825,
            0.15185950696468353
        ],
        [
            0.2853822410106659,
            0.4235537052154541
        ],
        [
            0.60537189245224,
            0.6177685856819153
        ]
    ],
    "RCWorldPos": [
        [
            -24.0,
            24.0,
            0.0
        ],
        [
            -24.0,
            -24.0,
            0.0
        ],
        [
            24.0,
            -24.0,
            0.0
        ],
        [
            24.0,
            24.0,
            0.0
        ]
    ],
    "RCWorldSize": [
        48.0,
        48.0
    ],
    "RefImageFilePath": "01.jpg",
    "Rotation": [
        [
            -0.49019166827201843,
            0.8703848123550415,
            -0.04628594592213631
        ],
        [
            0.7296580076217651,
            0.3807293176651001,
            -0.5680179595947266
        ],
        [
            -0.4767718017101288,
            -0.3122105896472931,
            -0.8217135667800903
        ]
    ],
    "Rvec": [
        1.4156194925308228,
        2.382277488708496,
        -0.7787721157073975
    ],
    "Translation": [
        70.84149169921875,
        40.80016326904297,
        89.83810424804688
    ],
    "Tvec": [
        3.3723106384277344,
        -16.194217681884766,
        120.33466339111328
    ]
}