{
    "Distortion": [
        0.0,
        0.0,
        0.0,
        0.0
    ],
    "ImageCalibrationSize": [
        1290,
        968
    ],
    "Intrinsic": [
        [
            923.4375,
            0.0,
            0.0
        ],
        [
            0.0,
            923.4375,
            0.0
        ],
        [
            645.3333740234375,
            484.0,
            1.0
        ]
    ],
    "NumGridPoints": [
        2,
        2
    ],
    "RCImagePos": [
        [
            0.8966941833496094,
            0.4318181872367859
        ],
        [
            0.6425619721412659,
            0.09090909361839294
        ],
        [
            0.22727274894714355,
            0.13429751992225647
        ],
        [
            0.23657026886940002,
            0.5847107172012329
        ]
    ],
    "RCWorldPos": [
        [
            -24.0,
            24.0,
            0.0
        ],
        [
            -24.0,
            -24.0,
            0.0
        ],
        [
            24.0,
            -24.0,
            0.0
        ],
        [
            24.0,
            24.0,
            0.0
        ]
    ],
    "RCWorldSize": [
        48.0,
        48.0
    ],
    "RefImageFileName": "02.jpg",
    "Rotation": [
        [
            -0.9627870917320251,
            0.26736170053482056,
            0.039480630308389664
        ],
        [
            0.1628352552652359,
            0.6904575228691101,
            -0.7048071026802063
        ],
        [
            -0.21569812297821045,
            -0.6721503734588623,
            -0.7082995176315308
        ]
    ],
    "Rvec": [
        0.353082537651062,
        2.75897479057312,
        -1.1301326751708984
    ],
    "Translation": [
        17.269338607788086,
        55.10048294067383,
        34.46717834472656
    ],
    "Tvec": [
        0.5341517329216003,
        -16.56389045715332,
        65.17385864257813
    ]
}
