{
    "Distortion": [
        0.0,
        0.0,
        0.0,
        0.0
    ],
    "ImageCalibrationSize": [
        1290,
        968
    ],
    "Intrinsic": [
        [
            1157.8125,
            0.0,
            0.0
        ],
        [
            0.0,
            1157.8125,
            0.0
        ],
        [
            645.3333740234375,
            484.0,
            1.0
        ]
    ],
    "NumGridPoints": [
        2,
        2
    ],
    "RCImagePos": [
        [
            0.26523762941360474,
            0.28409090638160706
        ],
        [
            0.43801653385162354,
            0.5423553586006165
        ],
        [
            0.6905991435050964,
            0.3512396812438965
        ],
        [
            0.5038739442825317,
            0.16012397408485413
        ]
    ],
    "RCWorldPos": [
        [
            -24.0,
            24.0,
            0.0
        ],
        [
            -24.0,
            -24.0,
            0.0
        ],
        [
            24.0,
            -24.0,
            0.0
        ],
        [
            24.0,
            24.0,
            0.0
        ]
    ],
    "RCWorldSize": [
        48.0,
        48.0
    ],
    "RefImageFilePath": "03.jpg",
    "Rotation": [
        [
            0.7926153540611267,
            -0.6083076000213623,
            0.04150663688778877
        ],
        [
            -0.43995189666748047,
            -0.6177254915237427,
            -0.6518110036849976
        ],
        [
            0.42214125394821167,
            0.49837446212768555,
            -0.7572447657585144
        ]
    ],
    "Rvec": [
        2.335333824157715,
        -0.7728396654129028,
        0.34182900190353394
    ],
    "Translation": [
        -66.0477523803711,
        -86.01768493652344,
        93.32635498046875
    ],
    "Tvec": [
        -3.8484129905700684,
        -21.362009048461914,
        141.42140197753906
    ]
}