{
    "Distortion": [
        0.0,
        0.0,
        0.0,
        0.0
    ],
    "ImageCalibrationSize": [
        1290,
        968
    ],
    "Intrinsic": [
        [
            992.1875,
            0.0,
            0.0
        ],
        [
            0.0,
            992.1875,
            0.0
        ],
        [
            645.3333740234375,
            484.0,
            1.0
        ]
    ],
    "NumGridPoints": [
        2,
        2
    ],
    "RCImagePos": [
        [
            0.3125,
            0.26446279883384705
        ],
        [
            0.3256714940071106,
            0.6869834661483765
        ],
        [
            0.7006714940071106,
            0.625
        ],
        [
            0.6247417330741882,
            0.23450413346290588
        ]
    ],
    "RCWorldPos": [
        [
            -24.0,
            24.0,
            0.0
        ],
        [
            -24.0,
            -24.0,
            0.0
        ],
        [
            24.0,
            -24.0,
            0.0
        ],
        [
            24.0,
            24.0,
            0.0
        ]
    ],
    "RCWorldSize": [
        48.0,
        48.0
    ],
    "RefImageFileName": "04.jpg",
    "Rotation": [
        [
            0.9887151718139648,
            -0.13798674941062927,
            0.05832677334547043
        ],
        [
            -0.10100813210010529,
            -0.9015710353851318,
            -0.42067450284957886
        ],
        [
            0.1106332316994667,
            0.41003575921058655,
            -0.9053347110748291
        ]
    ],
    "Rvec": [
        2.703876495361328,
        -0.17025215923786163,
        0.12036159634590149
    ],
    "Translation": [
        -11.588313102722168,
        -50.279052734375,
        94.04011535644531
    ],
    "Tvec": [
        -0.9653593897819519,
        -6.940372467041016,
        107.03604888916016
    ]
}
