{
    "Distortion": [
        0.0,
        0.0,
        0.0,
        0.0
    ],
    "ImageCalibrationSize": [
        1290,
        968
    ],
    "Intrinsic": [
        [
            1023.4375,
            0.0,
            0.0
        ],
        [
            0.0,
            1023.4375,
            0.0
        ],
        [
            645.3333740234375,
            484.0,
            1.0
        ]
    ],
    "NumGridPoints": [
        2,
        2
    ],
    "RCImagePos": [
        [
            0.38765496015548706,
            0.27272728085517883
        ],
        [
            0.1924070417881012,
            0.4566115736961365
        ],
        [
            0.692148745059967,
            0.5692148804664612
        ],
        [
            0.7084193825721741,
            0.3233471214771271
        ]
    ],
    "RCWorldPos": [
        [
            -24.0,
            24.0,
            0.0
        ],
        [
            -24.0,
            -24.0,
            0.0
        ],
        [
            24.0,
            -24.0,
            0.0
        ],
        [
            24.0,
            24.0,
            0.0
        ]
    ],
    "RCWorldSize": [
        48.0,
        48.0
    ],
    "RefImageFileName": "05.jpg",
    "Rotation": [
        [
            0.9641715288162231,
            0.2630808651447296,
            0.03408322110772133
        ],
        [
            0.1575799435377121,
            -0.46462878584861755,
            -0.8713716864585876
        ],
        [
            -0.21340519189834595,
            0.8455226421356201,
            -0.48943811655044556
        ]
    ],
    "Rvec": [
        2.0633914470672607,
        0.29743558168411255,
        -0.12679272890090942
    ],
    "Translation": [
        22.041484832763672,
        -83.35005187988281,
        36.315425872802734
    ],
    "Tvec": [
        -0.561714768409729,
        -10.555895805358887,
        92.95227813720703
    ]
}
