{
    "Distortion": [
        0.0,
        0.0,
        0.0,
        0.0
    ],
    "ImageCalibrationSize": [
        1290,
        968
    ],
    "Intrinsic": [
        [
            887.5,
            0.0,
            0.0
        ],
        [
            0.0,
            887.5,
            0.0
        ],
        [
            645.3333740234375,
            484.0,
            1.0
        ]
    ],
    "NumGridPoints": [
        2,
        2
    ],
    "RCImagePos": [
        [
            0.5898760557174683,
            0.17045454680919647
        ],
        [
            0.28073349595069885,
            0.31198346614837646
        ],
        [
            0.41787189245224,
            0.7448347210884094
        ],
        [
            0.7704028487205505,
            0.5330578684806824
        ]
    ],
    "RCWorldPos": [
        [
            -24.0,
            24.0,
            0.0
        ],
        [
            -24.0,
            -24.0,
            0.0
        ],
        [
            24.0,
            -24.0,
            0.0
        ],
        [
            24.0,
            24.0,
            0.0
        ]
    ],
    "RCWorldSize": [
        48.0,
        48.0
    ],
    "RefImageFileName": "06.jpg",
    "Rotation": [
        [
            0.4262564480304718,
            0.9032973051071167,
            0.048574298620224
        ],
        [
            0.8351401090621948,
            -0.37232232093811035,
            -0.4048668146133423
        ],
        [
            -0.3476297855377197,
            0.21314343810081482,
            -0.9130845665931702
        ]
    ],
    "Rvec": [
        2.3169610500335693,
        1.4853951930999756,
        -0.2555257976055145
    ],
    "Translation": [
        37.32008743286133,
        -24.31522560119629,
        79.0425033569336
    ],
    "Tvec": [
        2.2165141105651855,
        -8.218914031982422,
        90.32869720458984
    ]
}
