{
    "Distortion": [
        0.0,
        0.0,
        0.0,
        0.0
    ],
    "ImageCalibrationSize": [
        1290,
        968
    ],
    "Intrinsic": [
        [
            946.875,
            0.0,
            0.0
        ],
        [
            0.0,
            946.875,
            0.0
        ],
        [
            645.3333740234375,
            484.0,
            1.0
        ]
    ],
    "NumGridPoints": [
        2,
        2
    ],
    "RCImagePos": [
        [
            0.6510847210884094,
            0.5940082669258118
        ],
        [
            0.7363119721412659,
            0.2572314143180847
        ],
        [
            0.42484503984451294,
            0.14462809264659882
        ],
        [
            0.23966944217681885,
            0.40082645416259766
        ]
    ],
    "RCWorldPos": [
        [
            -24.0,
            24.0,
            0.0
        ],
        [
            -24.0,
            -24.0,
            0.0
        ],
        [
            24.0,
            -24.0,
            0.0
        ],
        [
            24.0,
            24.0,
            0.0
        ]
    ],
    "RCWorldSize": [
        48.0,
        48.0
    ],
    "RefImageFilePath": "07.jpg",
    "Rotation": [
        [
            -0.9248020648956299,
            -0.37532666325569153,
            0.062217261642217636
        ],
        [
            -0.32027560472488403,
            0.6797853708267212,
            -0.6597843766212463
        ],
        [
            0.20534029603004456,
            -0.6300966143608093,
            -0.7488749027252197
        ]
    ],
    "Rvec": [
        0.5822670459747314,
        -2.8070790767669678,
        1.0797193050384521
    ],
    "Translation": [
        -22.8057861328125,
        70.7099380493164,
        58.17046356201172
    ],
    "Tvec": [
        1.8292821645736694,
        -16.991756439208984,
        92.7994384765625
    ]
}