{
    "Distortion": [
        0.0,
        0.0,
        0.0,
        0.0
    ],
    "ImageCalibrationSize": [
        1285,
        968
    ],
    "Intrinsic": [
        [
            1398.4375,
            0.0,
            0.0
        ],
        [
            0.0,
            1398.4375,
            0.0
        ],
        [
            642.8125,
            484.0,
            1.0
        ]
    ],
    "NumGridPoints": [
        20,
        20
    ],
    "RCImagePos": [
        [
            0.727904736995697,
            0.040289256721735
        ],
        [
            0.19431211054325104,
            0.09504131972789764
        ],
        [
            0.1437530368566513,
            0.8006198406219482
        ],
        [
            0.8609139323234558,
            0.71074378490448
        ]
    ],
    "RCWorldPos": [
        [
            -20.0,
            20.0,
            0.0
        ],
        [
            -20.0,
            -20.0,
            0.0
        ],
        [
            20.0,
            -20.0,
            0.0
        ],
        [
            20.0,
            20.0,
            0.0
        ]
    ],
    "RCWorldSize": [
        40.0,
        40.0
    ],
    "RefImageFilePath": "08.jpg",
    "Rotation": [
        [
            0.07845673710107803,
            0.9963261485099792,
            -0.03433261811733246
        ],
        [
            0.8657727241516113,
            -0.08516927063465118,
            -0.4931366741657257
        ],
        [
            -0.49424904584884644,
            0.008965646848082542,
            -0.8692741394042969
        ]
    ],
    "Rvec": [
        2.018812894821167,
        1.8491952419281006,
        -0.524918794631958
    ],
    "Translation": [
        40.67177200317383,
        0.13326400518417358,
        57.90144348144531
    ],
    "Tvec": [
        -1.3358407020568848,
        -6.647837162017822,
        70.43301391601563
    ]
}