{
    "Distortion": [
        0.0,
        0.0,
        0.0,
        0.0
    ],
    "ImageCalibrationSize": [
        1285,
        968
    ],
    "Intrinsic": [
        [
            1190.625,
            0.0,
            0.0
        ],
        [
            0.0,
            1190.625,
            0.0
        ],
        [
            642.8125,
            484.0,
            1.0
        ]
    ],
    "NumGridPoints": [
        20,
        20
    ],
    "RCImagePos": [
        [
            0.9161400198936462,
            0.2902892529964447
        ],
        [
            0.4299951493740082,
            0.010330578312277794
        ],
        [
            0.03796791285276413,
            0.4545454680919647
        ],
        [
            0.5622265338897705,
            0.9752066135406494
        ]
    ],
    "RCWorldPos": [
        [
            -20.0,
            20.0,
            0.0
        ],
        [
            -20.0,
            -20.0,
            0.0
        ],
        [
            20.0,
            -20.0,
            0.0
        ],
        [
            20.0,
            20.0,
            0.0
        ]
    ],
    "RCWorldSize": [
        40.0,
        40.0
    ],
    "RefImageFileName": "09.jpg",
    "Rotation": [
        [
            -0.5965068936347961,
            0.801202654838562,
            -0.047474876046180725
        ],
        [
            0.6882940530776978,
            0.4802268147468567,
            -0.5437219142913818
        ],
        [
            -0.41283273696899414,
            -0.35701054334640503,
            -0.8379216194152832
        ]
    ],
    "Rvec": [
        1.284296989440918,
        2.5131194591522217,
        -0.7766435742378235
    ],
    "Translation": [
        28.148988723754883,
        25.080242156982422,
        46.152435302734375
    ],
    "Tvec": [
        -1.1122097969055176,
        -6.32489538192749,
        59.246856689453125
    ]
}
