{
    "Distortion": [
        0.0,
        0.0,
        0.0,
        0.0
    ],
    "ImageCalibrationSize": [
        1285,
        968
    ],
    "Intrinsic": [
        [
            1403.125,
            0.0,
            0.0
        ],
        [
            0.0,
            1403.125,
            0.0
        ],
        [
            642.8125,
            484.0,
            1.0
        ]
    ],
    "NumGridPoints": [
        20,
        20
    ],
    "RCImagePos": [
        [
            0.9176957011222839,
            0.9586777091026306
        ],
        [
            0.8165775537490845,
            0.11157024651765823
        ],
        [
            0.21920272707939148,
            0.09194214642047882
        ],
        [
            0.04419056698679924,
            0.9235537052154541
        ]
    ],
    "RCWorldPos": [
        [
            -20.0,
            20.0,
            0.0
        ],
        [
            -20.0,
            -20.0,
            0.0
        ],
        [
            20.0,
            -20.0,
            0.0
        ],
        [
            20.0,
            20.0,
            0.0
        ]
    ],
    "RCWorldSize": [
        40.0,
        40.0
    ],
    "RefImageFilePath": "10.jpg",
    "Rotation": [
        [
            -0.9987112879753113,
            -0.04614108055830002,
            -0.021137401461601257
        ],
        [
            -0.02873619645833969,
            0.8573902249336243,
            -0.5138639807701111
        ],
        [
            0.041833240538835526,
            -0.5125943422317505,
            -0.8576112389564514
        ]
    ],
    "Rvec": [
        0.060406364500522614,
        -2.9959940910339355,
        0.8280832171440125
    ],
    "Translation": [
        -2.774641513824463,
        32.663246154785156,
        50.70005798339844
    ],
    "Tvec": [
        -0.1922806203365326,
        -2.0319488048553467,
        60.34000778198242
    ]
}