{
    "Distortion": [
        0.0,
        0.0,
        0.0,
        0.0
    ],
    "ImageCalibrationSize": [
        1285,
        968
    ],
    "Intrinsic": [
        [
            1729.6875,
            0.0,
            0.0
        ],
        [
            0.0,
            1729.6875,
            0.0
        ],
        [
            642.8125,
            484.0,
            1.0
        ]
    ],
    "NumGridPoints": [
        20,
        20
    ],
    "RCImagePos": [
        [
            0.2892075777053833,
            0.8574380278587341
        ],
        [
            0.8111327290534973,
            0.5743801593780518
        ],
        [
            0.5840058326721191,
            0.15392561256885529
        ],
        [
            0.15230919420719147,
            0.30475205183029175
        ]
    ],
    "RCWorldPos": [
        [
            -20.0,
            20.0,
            0.0
        ],
        [
            -20.0,
            -20.0,
            0.0
        ],
        [
            20.0,
            -20.0,
            0.0
        ],
        [
            20.0,
            20.0,
            0.0
        ]
    ],
    "RCWorldSize": [
        40.0,
        40.0
    ],
    "RefImageFilePath": "11.jpg",
    "Rotation": [
        [
            -0.38494572043418884,
            -0.9227220416069031,
            -0.02002124674618244
        ],
        [
            -0.7222720980644226,
            0.3146842122077942,
            -0.6158708333969116
        ],
        [
            0.5745779275894165,
            -0.2226160615682602,
            -0.7875927090644836
        ]
    ],
    "Rvec": [
        1.466915488243103,
        -2.217968702316284,
        0.7477166056632996
    ],
    "Translation": [
        -64.3341293334961,
        21.600574493408203,
        80.91069030761719
    ],
    "Tvec": [
        -3.21389102935791,
        -3.4335756301879883,
        105.49827575683594
    ]
}