{
    "Distortion": [
        0.0,
        0.0,
        0.0,
        0.0
    ],
    "ImageCalibrationSize": [
        1285,
        968
    ],
    "Intrinsic": [
        [
            1860.9375,
            0.0,
            0.0
        ],
        [
            0.0,
            1860.9375,
            0.0
        ],
        [
            642.8125,
            484.0,
            1.0
        ]
    ],
    "NumGridPoints": [
        20,
        20
    ],
    "RCImagePos": [
        [
            0.4253281354904175,
            0.2623966932296753
        ],
        [
            0.3210986852645874,
            0.5020661354064941
        ],
        [
            0.552114725112915,
            0.6012396812438965
        ],
        [
            0.6228974461555481,
            0.3460743725299835
        ]
    ],
    "RCWorldPos": [
        [
            -20.0,
            20.0,
            0.0
        ],
        [
            -20.0,
            -20.0,
            0.0
        ],
        [
            20.0,
            -20.0,
            0.0
        ],
        [
            20.0,
            20.0,
            0.0
        ]
    ],
    "RCWorldSize": [
        40.0,
        40.0
    ],
    "RefImageFilePath": "12.jpg",
    "Rotation": [
        [
            0.9296014308929443,
            0.36730149388313293,
            -0.03050839900970459
        ],
        [
            0.30399391055107117,
            -0.8109083771705627,
            -0.5000153183937073
        ],
        [
            -0.20839589834213257,
            0.45554062724113464,
            -0.8654789924621582
        ]
    ],
    "Rvec": [
        2.5829787254333496,
        0.48085054755210876,
        -0.17112773656845093
    ],
    "Translation": [
        58.008243560791016,
        -120.07514190673828,
        210.01307678222656
    ],
    "Tvec": [
        -3.413606643676758,
        -9.994332313537598,
        248.5496826171875
    ]
}