{
    "Distortion": [
        0.0,
        0.0,
        0.0,
        0.0
    ],
    "ImageCalibrationSize": [
        1285,
        968
    ],
    "Intrinsic": [
        [
            748.4375,
            0.0,
            0.0
        ],
        [
            0.0,
            748.4375,
            0.0
        ],
        [
            642.8125,
            484.0,
            1.0
        ]
    ],
    "NumGridPoints": [
        20,
        20
    ],
    "RCImagePos": [
        [
            0.6143412590026855,
            0.44731405377388
        ],
        [
            0.4517744183540344,
            0.30061984062194824
        ],
        [
            0.3032085597515106,
            0.47417354583740234
        ],
        [
            0.4758872091770172,
            0.663223147392273
        ]
    ],
    "RCWorldPos": [
        [
            -20.0,
            20.0,
            0.0
        ],
        [
            -20.0,
            -20.0,
            0.0
        ],
        [
            20.0,
            -20.0,
            0.0
        ],
        [
            20.0,
            20.0,
            0.0
        ]
    ],
    "RCWorldSize": [
        40.0,
        40.0
    ],
    "RefImageFileName": "13.jpg",
    "Rotation": [
        [
            -0.6282268166542053,
            0.7763267159461975,
            0.05145804584026337
        ],
        [
            0.6775885820388794,
            0.578430712223053,
            -0.4541933536529541
        ],
        [
            -0.382367342710495,
            -0.25046902894973755,
            -0.8894158005714417
        ]
    ],
    "Rvec": [
        1.2050056457519531,
        2.5660269260406494,
        -0.5840244889259338
    ],
    "Translation": [
        39.874881744384766,
        34.94440460205078,
        92.02963256835938
    ],
    "Tvec": [
        -6.813470840454102,
        -5.432436466217041,
        105.8519515991211
    ]
}
