{
    "Distortion": [
        0.0,
        0.0,
        0.0,
        0.0
    ],
    "ImageCalibrationSize": [
        1285,
        968
    ],
    "Intrinsic": [
        [
            873.4375,
            0.0,
            0.0
        ],
        [
            0.0,
            873.4375,
            0.0
        ],
        [
            642.8125,
            484.0,
            1.0
        ]
    ],
    "NumGridPoints": [
        20,
        20
    ],
    "RCImagePos": [
        [
            0.3755469024181366,
            0.1652892529964447
        ],
        [
            0.14919786155223846,
            0.6322314143180847
        ],
        [
            0.6929022669792175,
            0.9028925895690918
        ],
        [
            0.7885755896568298,
            0.2975206673145294
        ]
    ],
    "RCWorldPos": [
        [
            -20.0,
            20.0,
            0.0
        ],
        [
            -20.0,
            -20.0,
            0.0
        ],
        [
            20.0,
            -20.0,
            0.0
        ],
        [
            20.0,
            20.0,
            0.0
        ]
    ],
    "RCWorldSize": [
        40.0,
        40.0
    ],
    "RefImageFilePath": "14.jpg",
    "Rotation": [
        [
            0.940459668636322,
            0.33968326449394226,
            -0.012285837903618813
        ],
        [
            0.2886297106742859,
            -0.8171570897102356,
            -0.49894610047340393
        ],
        [
            -0.17952309548854828,
            0.4656926095485687,
            -0.8665459156036377
        ]
    ],
    "Rvec": [
        2.587137460708618,
        0.4485262334346771,
        -0.13692434132099152
    ],
    "Translation": [
        10.83741569519043,
        -28.320383071899414,
        46.19019317626953
    ],
    "Tvec": [
        -0.004706782754510641,
        -3.223785161972046,
        55.16008377075195
    ]
}