{
    "Distortion": [
        0.0,
        0.0,
        0.0,
        0.0
    ],
    "ImageCalibrationSize": [
        1285,
        968
    ],
    "Intrinsic": [
        [
            664.0625,
            0.0,
            0.0
        ],
        [
            0.0,
            664.0625,
            0.0
        ],
        [
            642.8125,
            484.0,
            1.0
        ]
    ],
    "NumGridPoints": [
        20,
        20
    ],
    "RCImagePos": [
        [
            0.6656781435012817,
            0.43801653385162354
        ],
        [
            0.5295575857162476,
            0.30475205183029175
        ],
        [
            0.3864365518093109,
            0.4235537052154541
        ],
        [
            0.5085561275482178,
            0.5919421315193176
        ]
    ],
    "RCWorldPos": [
        [
            -20.0,
            20.0,
            0.0
        ],
        [
            -20.0,
            -20.0,
            0.0
        ],
        [
            20.0,
            -20.0,
            0.0
        ],
        [
            20.0,
            20.0,
            0.0
        ]
    ],
    "RCWorldSize": [
        40.0,
        40.0
    ],
    "RefImageFilePath": "15.jpg",
    "Rotation": [
        [
            -0.7730482220649719,
            0.6316506862640381,
            -0.058428458869457245
        ],
        [
            0.5441431999206543,
            0.6129599809646606,
            -0.5728771686553955
        ],
        [
            -0.326043963432312,
            -0.4746551215648651,
            -0.8175560235977173
        ]
    ],
    "Rvec": [
        0.9854931831359863,
        2.6850714683532715,
        -0.8779905438423157
    ],
    "Translation": [
        43.50200653076172,
        53.72039794921875,
        79.70846557617188
    ],
    "Tvec": [
        4.353867053985596,
        -10.936610221862793,
        104.8483657836914
    ]
}