{
    "Distortion": [
        0.0,
        0.0,
        0.0,
        0.0
    ],
    "ImageCalibrationSize": [
        1285,
        968
    ],
    "Intrinsic": [
        [
            970.3125,
            0.0,
            0.0
        ],
        [
            0.0,
            970.3125,
            0.0
        ],
        [
            642.8125,
            484.0,
            1.0
        ]
    ],
    "NumGridPoints": [
        20,
        20
    ],
    "RCImagePos": [
        [
            0.0768595039844513,
            0.3336776793003082
        ],
        [
            0.40821585059165955,
            0.9008264541625977
        ],
        [
            0.9223626852035522,
            0.38119834661483765
        ],
        [
            0.5093339681625366,
            0.11053719371557236
        ]
    ],
    "RCWorldPos": [
        [
            -20.0,
            20.0,
            0.0
        ],
        [
            -20.0,
            -20.0,
            0.0
        ],
        [
            20.0,
            -20.0,
            0.0
        ],
        [
            20.0,
            20.0,
            0.0
        ]
    ],
    "RCWorldSize": [
        40.0,
        40.0
    ],
    "RefImageFileName": "16.jpg",
    "Rotation": [
        [
            0.7655626535415649,
            -0.6432327032089233,
            -0.012863978743553162
        ],
        [
            -0.4566064476966858,
            -0.5291404128074646,
            -0.7152069211006165
        ],
        [
            0.4532376527786255,
            0.5534095168113708,
            -0.6987943649291992
        ]
    ],
    "Rvec": [
        2.223083972930908,
        -0.8167819976806641,
        0.32703807950019836
    ],
    "Translation": [
        -25.34844207763672,
        -32.6921501159668,
        29.9462890625
    ],
    "Tvec": [
        -1.237609624862671,
        -7.45520544052124,
        50.5073127746582
    ]
}
