{
    "Distortion": [
        0.0,
        0.0,
        0.0,
        0.0
    ],
    "ImageCalibrationSize": [
        1285,
        968
    ],
    "Intrinsic": [
        [
            945.3125,
            0.0,
            0.0
        ],
        [
            0.0,
            945.3125,
            0.0
        ],
        [
            642.8125,
            484.0,
            1.0
        ]
    ],
    "NumGridPoints": [
        20,
        20
    ],
    "RCImagePos": [
        [
            0.7955760955810547,
            0.01859504170715809
        ],
        [
            0.16242100298404694,
            0.05888429656624794
        ],
        [
            0.12352941185235977,
            0.9834710955619812
        ],
        [
            0.970588207244873,
            0.8873966932296753
        ]
    ],
    "RCWorldPos": [
        [
            -20.0,
            20.0,
            0.0
        ],
        [
            -20.0,
            -20.0,
            0.0
        ],
        [
            20.0,
            -20.0,
            0.0
        ],
        [
            20.0,
            20.0,
            0.0
        ]
    ],
    "RCWorldSize": [
        40.0,
        40.0
    ],
    "RefImageFilePath": "17.jpg",
    "Rotation": [
        [
            0.08391142636537552,
            0.9963128566741943,
            0.017875296995043755
        ],
        [
            0.9461193084716797,
            -0.07402810454368591,
            -0.3152429461479187
        ],
        [
            -0.31275734305381775,
            0.04336464777588844,
            -0.9488426446914673
        ]
    ],
    "Rvec": [
        2.1164205074310303,
        1.951318621635437,
        -0.29623109102249146
    ],
    "Translation": [
        15.979438781738281,
        -2.9373691082000732,
        37.59220886230469
    ],
    "Tvec": [
        0.9137094616889954,
        -3.4852235317230225,
        40.79415512084961
    ]
}