{
    "Distortion": [
        0.0,
        0.0,
        0.0,
        0.0
    ],
    "ImageCalibrationSize": [
        1285,
        968
    ],
    "Intrinsic": [
        [
            1196.875,
            0.0,
            0.0
        ],
        [
            0.0,
            1196.875,
            0.0
        ],
        [
            642.8125,
            484.0,
            1.0
        ]
    ],
    "NumGridPoints": [
        20,
        20
    ],
    "RCImagePos": [
        [
            0.8469129800796509,
            0.22830578684806824
        ],
        [
            0.3646572530269623,
            0.10227272659540176
        ],
        [
            0.08463782072067261,
            0.6260330677032471
        ],
        [
            0.7590180039405823,
            0.9070248007774353
        ]
    ],
    "RCWorldPos": [
        [
            -20.0,
            20.0,
            0.0
        ],
        [
            -20.0,
            -20.0,
            0.0
        ],
        [
            20.0,
            -20.0,
            0.0
        ],
        [
            20.0,
            20.0,
            0.0
        ]
    ],
    "RCWorldSize": [
        40.0,
        40.0
    ],
    "RefImageFileName": "18.jpg",
    "Rotation": [
        [
            -0.32557353377342224,
            0.9451264142990112,
            -0.027165763080120087
        ],
        [
            0.7649998068809509,
            0.24642148613929749,
            -0.5950224995613098
        ],
        [
            -0.5556772351264954,
            -0.2145053744316101,
            -0.8032498359680176
        ]
    ],
    "Rvec": [
        1.5751088857650757,
        2.1877152919769287,
        -0.7456142902374268
    ],
    "Translation": [
        38.57449722290039,
        13.940814018249512,
        47.36994934082031
    ],
    "Tvec": [
        0.6698434948921204,
        -4.758613109588623,
        62.475250244140625
    ]
}
