{
    "Distortion": [
        0.0,
        0.0,
        0.0,
        0.0
    ],
    "ImageCalibrationSize": [
        1285,
        968
    ],
    "Intrinsic": [
        [
            1010.9375,
            0.0,
            0.0
        ],
        [
            0.0,
            1010.9375,
            0.0
        ],
        [
            642.8125,
            484.0,
            1.0
        ]
    ],
    "NumGridPoints": [
        20,
        20
    ],
    "RCImagePos": [
        [
            0.7209042310714722,
            0.5175619721412659
        ],
        [
            0.5676713585853577,
            0.22004131972789764
        ],
        [
            0.31098687648773193,
            0.3543388545513153
        ],
        [
            0.43543997406959534,
            0.69111567735672
        ]
    ],
    "RCWorldPos": [
        [
            -20.0,
            20.0,
            0.0
        ],
        [
            -20.0,
            -20.0,
            0.0
        ],
        [
            20.0,
            -20.0,
            0.0
        ],
        [
            20.0,
            20.0,
            0.0
        ]
    ],
    "RCWorldSize": [
        40.0,
        40.0
    ],
    "RefImageFilePath": "19.jpg",
    "Rotation": [
        [
            -0.8920243978500366,
            0.45100945234298706,
            0.029714131727814674
        ],
        [
            0.3926853835582733,
            0.8058649301528931,
            -0.4431476891040802
        ],
        [
            -0.2238093614578247,
            -0.38363024592399597,
            -0.8959560394287109
        ]
    ],
    "Rvec": [
        0.6707982420921326,
        2.8573663234710693,
        -0.657348096370697
    ],
    "Translation": [
        27.059295654296875,
        44.80123519897461,
        89.89216613769531
    ],
    "Tvec": [
        1.2607043981552124,
        -6.894029140472412,
        103.78266143798828
    ]
}