{
    "Distortion": [
        0.0,
        0.0,
        0.0,
        0.0
    ],
    "ImageCalibrationSize": [
        1285,
        968
    ],
    "Intrinsic": [
        [
            1289.0625,
            0.0,
            0.0
        ],
        [
            0.0,
            1289.0625,
            0.0
        ],
        [
            642.8125,
            484.0,
            1.0
        ]
    ],
    "NumGridPoints": [
        20,
        20
    ],
    "RCImagePos": [
        [
            0.7636849880218506,
            0.6859503984451294
        ],
        [
            0.6851239800453186,
            0.14049586653709412
        ],
        [
            0.2713174521923065,
            0.19111570715904236
        ],
        [
            0.26431697607040405,
            0.7551652789115906
        ]
    ],
    "RCWorldPos": [
        [
            -20.0,
            20.0,
            0.0
        ],
        [
            -20.0,
            -20.0,
            0.0
        ],
        [
            20.0,
            -20.0,
            0.0
        ],
        [
            20.0,
            20.0,
            0.0
        ]
    ],
    "RCWorldSize": [
        40.0,
        40.0
    ],
    "RefImageFileName": "20.jpg",
    "Rotation": [
        [
            -0.9954618811607361,
            0.08368135988712311,
            -0.045311059802770615
        ],
        [
            0.09454694390296936,
            0.9237377047538757,
            -0.3711731433868408
        ],
        [
            0.010795260779559612,
            -0.3737727403640747,
            -0.9274575114250183
        ]
    ],
    "Rvec": [
        0.14405757188796997,
        3.109158754348755,
        -0.6021215319633484
    ],
    "Translation": [
        -0.9819025993347168,
        37.661895751953125,
        79.26766967773438
    ],
    "Tvec": [
        -0.5373431444168091,
        -5.274846076965332,
        87.60498046875
    ]
}
