{
    "Distortion": [
        0.0,
        0.0,
        0.0,
        0.0
    ],
    "ImageCalibrationSize": [
        1285,
        968
    ],
    "Intrinsic": [
        [
            865.625,
            0.0,
            0.0
        ],
        [
            0.0,
            865.625,
            0.0
        ],
        [
            642.8125,
            484.0,
            1.0
        ]
    ],
    "NumGridPoints": [
        20,
        20
    ],
    "RCImagePos": [
        [
            0.6827904582023621,
            0.6363636255264282
        ],
        [
            0.761351466178894,
            0.2221074402332306
        ],
        [
            0.4331064522266388,
            0.11053719371557236
        ],
        [
            0.30398640036582947,
            0.4721074402332306
        ]
    ],
    "RCWorldPos": [
        [
            -20.0,
            20.0,
            0.0
        ],
        [
            -20.0,
            -20.0,
            0.0
        ],
        [
            20.0,
            -20.0,
            0.0
        ],
        [
            20.0,
            20.0,
            0.0
        ]
    ],
    "RCWorldSize": [
        40.0,
        40.0
    ],
    "RefImageFileName": "21.jpg",
    "Rotation": [
        [
            -0.9477885365486145,
            -0.3187950849533081,
            0.00815975945442915
        ],
        [
            -0.2958698868751526,
            0.8695082664489746,
            -0.39549514651298523
        ],
        [
            0.11898692697286606,
            -0.3772599995136261,
            -0.91843181848526
        ]
    ],
    "Rvec": [
        0.4906233251094818,
        -2.981844902038574,
        0.6168103218078613
    ],
    "Translation": [
        -8.091060638427734,
        41.28477096557617,
        62.82542037963867
    ],
    "Tvec": [
        4.980126857757568,
        -13.444202423095703,
        74.23868560791016
    ]
}
