{
    "Distortion": [
        0.0,
        0.0,
        0.0,
        0.0
    ],
    "ImageCalibrationSize": [
        1285,
        968
    ],
    "Intrinsic": [
        [
            957.8125,
            0.0,
            0.0
        ],
        [
            0.0,
            957.8125,
            0.0
        ],
        [
            642.8125,
            484.0,
            1.0
        ]
    ],
    "NumGridPoints": [
        20,
        20
    ],
    "RCImagePos": [
        [
            0.34443363547325134,
            0.04648760333657265
        ],
        [
            0.06985902041196823,
            0.6188016533851624
        ],
        [
            0.7901312708854675,
            0.9462810158729553
        ],
        [
            0.8632474541664124,
            0.2055785059928894
        ]
    ],
    "RCWorldPos": [
        [
            -20.0,
            20.0,
            0.0
        ],
        [
            -20.0,
            -20.0,
            0.0
        ],
        [
            20.0,
            -20.0,
            0.0
        ],
        [
            20.0,
            20.0,
            0.0
        ]
    ],
    "RCWorldSize": [
        40.0,
        40.0
    ],
    "RefImageFileName": "22.jpg",
    "Rotation": [
        [
            0.9512866735458374,
            0.3074237108230591,
            0.02333199791610241
        ],
        [
            0.2784087061882019,
            -0.8240585327148438,
            -0.49337220191955566
        ],
        [
            -0.13244737684726715,
            0.4758342206478119,
            -0.8695053458213806
        ]
    ],
    "Rvec": [
        2.593874216079712,
        0.4169102609157562,
        -0.0776524469256401
    ],
    "Translation": [
        6.879264831542969,
        -28.040925979614258,
        39.03543472290039
    ],
    "Tvec": [
        1.1655182838439941,
        -5.76361608505249,
        48.19548797607422
    ]
}
