{
    "Distortion": [
        0.0,
        0.0,
        0.0,
        0.0
    ],
    "ImageCalibrationSize": [
        1285,
        968
    ],
    "Intrinsic": [
        [
            1248.4375,
            0.0,
            0.0
        ],
        [
            0.0,
            1248.4375,
            0.0
        ],
        [
            642.8125,
            484.0,
            1.0
        ]
    ],
    "NumGridPoints": [
        20,
        20
    ],
    "RCImagePos": [
        [
            0.6991249322891235,
            0.26962810754776
        ],
        [
            0.3389888107776642,
            0.19111570715904236
        ],
        [
            0.1966456025838852,
            0.6219007968902588
        ],
        [
            0.6330092549324036,
            0.7489669322967529
        ]
    ],
    "RCWorldPos": [
        [
            -20.0,
            20.0,
            0.0
        ],
        [
            -20.0,
            -20.0,
            0.0
        ],
        [
            20.0,
            -20.0,
            0.0
        ],
        [
            20.0,
            20.0,
            0.0
        ]
    ],
    "RCWorldSize": [
        40.0,
        40.0
    ],
    "RefImageFileName": "23.jpg",
    "Rotation": [
        [
            -0.24031467735767365,
            0.9698537588119507,
            -0.04040444269776344
        ],
        [
            0.8483895659446716,
            0.18962736427783966,
            -0.4942435026168823
        ],
        [
            -0.4716821312904358,
            -0.1530526727437973,
            -0.868384063243866
        ]
    ],
    "Rvec": [
        1.7303534746170044,
        2.187230110168457,
        -0.6160073280334473
    ],
    "Translation": [
        48.02558135986328,
        18.6784610748291,
        79.74192810058594
    ],
    "Tvec": [
        -3.35219669342041,
        -4.874416351318359,
        94.75821685791016
    ]
}
