{
    "Distortion": [
        0.0,
        0.0,
        0.0,
        0.0
    ],
    "ImageCalibrationSize": [
        1285,
        968
    ],
    "Intrinsic": [
        [
            1159.375,
            0.0,
            0.0
        ],
        [
            0.0,
            1159.375,
            0.0
        ],
        [
            642.8125,
            484.0,
            1.0
        ]
    ],
    "NumGridPoints": [
        20,
        20
    ],
    "RCImagePos": [
        [
            0.885026752948761,
            0.6714876294136047
        ],
        [
            0.7924647331237793,
            0.21590909361839294
        ],
        [
            0.3117647171020508,
            0.18078511953353882
        ],
        [
            0.030967427417635918,
            0.5537189841270447
        ]
    ],
    "RCWorldPos": [
        [
            -20.0,
            20.0,
            0.0
        ],
        [
            -20.0,
            -20.0,
            0.0
        ],
        [
            20.0,
            -20.0,
            0.0
        ],
        [
            20.0,
            20.0,
            0.0
        ]
    ],
    "RCWorldSize": [
        40.0,
        40.0
    ],
    "RefImageFilePath": "24.jpg",
    "Rotation": [
        [
            -0.9856127500534058,
            -0.168827086687088,
            -0.008060809224843979
        ],
        [
            -0.0890028178691864,
            0.558960497379303,
            -0.8244038224220276
        ],
        [
            0.14368736743927002,
            -0.8118254542350769,
            -0.5659446716308594
        ]
    ],
    "Rvec": [
        0.22355017066001892,
        -2.6969594955444336,
        1.418684720993042
    ],
    "Translation": [
        -8.849560737609863,
        50.96823501586914,
        26.489534378051758
    ],
    "Tvec": [
        0.0961056798696518,
        -7.4387946128845215,
        57.6404914855957
    ]
}