{
    "Distortion": [
        0.0,
        0.0,
        0.0,
        0.0
    ],
    "ImageCalibrationSize": [
        1285,
        968
    ],
    "Intrinsic": [
        [
            1337.5,
            0.0,
            0.0
        ],
        [
            0.0,
            1337.5,
            0.0
        ],
        [
            642.8125,
            484.0,
            1.0
        ]
    ],
    "NumGridPoints": [
        20,
        20
    ],
    "RCImagePos": [
        [
            0.7294603586196899,
            0.1900826394557953
        ],
        [
            0.25187164545059204,
            0.1652892529964447
        ],
        [
            0.19275644421577454,
            0.8305785059928894
        ],
        [
            0.7566844820976257,
            0.8440082669258118
        ]
    ],
    "RCWorldPos": [
        [
            -20.0,
            20.0,
            0.0
        ],
        [
            -20.0,
            -20.0,
            0.0
        ],
        [
            20.0,
            -20.0,
            0.0
        ],
        [
            20.0,
            20.0,
            0.0
        ]
    ],
    "RCWorldSize": [
        40.0,
        40.0
    ],
    "RefImageFilePath": "25.jpg",
    "Rotation": [
        [
            -0.021158337593078613,
            0.999096155166626,
            0.03686784580349922
        ],
        [
            0.9505495429039001,
            0.03153154253959656,
            -0.3089682459831238
        ],
        [
            -0.3098514974117279,
            0.02850745990872383,
            -0.9503574967384338
        ]
    ],
    "Rvec": [
        2.009835958480835,
        2.0648863315582275,
        -0.28911930322647095
    ],
    "Translation": [
        25.76093292236328,
        -1.0984193086624146,
        75.80706787109375
    ],
    "Tvec": [
        -1.1523585319519043,
        -1.0304265022277832,
        80.05719757080078
    ]
}