{
    "Distortion": [
        0.0,
        0.0,
        0.0,
        0.0
    ],
    "ImageCalibrationSize": [
        1285,
        968
    ],
    "Intrinsic": [
        [
            1000.0,
            0.0,
            0.0
        ],
        [
            0.0,
            1000.0,
            0.0
        ],
        [
            642.8125,
            484.0,
            1.0
        ]
    ],
    "NumGridPoints": [
        20,
        20
    ],
    "RCImagePos": [
        [
            0.8103548884391785,
            0.043388430029153824
        ],
        [
            0.18108896911144257,
            0.07851240038871765
        ],
        [
            0.1344190537929535,
            0.9576446413993835
        ],
        [
            0.8966942429542542,
            0.942148745059967
        ]
    ],
    "RCWorldPos": [
        [
            -20.0,
            20.0,
            0.0
        ],
        [
            -20.0,
            -20.0,
            0.0
        ],
        [
            20.0,
            -20.0,
            0.0
        ],
        [
            20.0,
            20.0,
            0.0
        ]
    ],
    "RCWorldSize": [
        40.0,
        40.0
    ],
    "RefImageFileName": "26.jpg",
    "Rotation": [
        [
            0.023671038448810577,
            0.9990913271903992,
            -0.03544298931956291
        ],
        [
            0.9751399755477905,
            -0.030887769535183907,
            -0.21942636370658875
        ],
        [
            -0.22032172977924347,
            -0.029367826879024506,
            -0.9749850630760193
        ]
    ],
    "Rvec": [
        2.1474719047546387,
        2.0889453887939453,
        -0.27062609791755676
    ],
    "Translation": [
        11.589746475219727,
        1.258109450340271,
        43.7575798034668
    ],
    "Tvec": [
        0.01959182508289814,
        -1.6611987352371216,
        45.2534065246582
    ]
}
