{
    "Distortion": [
        0.0,
        0.0,
        0.0,
        0.0
    ],
    "ImageCalibrationSize": [
        1285,
        968
    ],
    "Intrinsic": [
        [
            1010.9375,
            0.0,
            0.0
        ],
        [
            0.0,
            1010.9375,
            0.0
        ],
        [
            642.8125,
            484.0,
            1.0
        ]
    ],
    "NumGridPoints": [
        8,
        11
    ],
    "RCImagePos": [
        [
            0.8710257411003113,
            0.4349173605442047
        ],
        [
            0.5637822151184082,
            0.17148759961128235
        ],
        [
            0.15230919420719147,
            0.5444214940071106
        ],
        [
            0.47199806571006775,
            1.0
        ]
    ],
    "RCWorldPos": [
        [
            -14.850000381469727,
            10.5,
            0.0
        ],
        [
            -14.850000381469727,
            -10.5,
            0.0
        ],
        [
            14.850000381469727,
            -10.5,
            0.0
        ],
        [
            14.850000381469727,
            10.5,
            0.0
        ]
    ],
    "RCWorldSize": [
        29.700000762939453,
        21.0
    ],
    "RefImageFilePath": "27.jpg",
    "Rotation": [
        [
            -0.6930330395698547,
            0.7184507250785828,
            0.05944550782442093
        ],
        [
            0.5699772238731384,
            0.5965622067451477,
            -0.5650127530097961
        ],
        [
            -0.4413967728614807,
            -0.3576899468898773,
            -0.8229379057884216
        ]
    ],
    "Rvec": [
        1.0538147687911987,
        2.5457639694213867,
        -0.7546854019165039
    ],
    "Translation": [
        18.936412811279297,
        13.253205299377441,
        31.820384979248047
    ],
    "Tvec": [
        1.7102066278457642,
        -0.7207627892494202,
        39.28520965576172
    ]
}