{
    "Distortion": [
        0.0,
        0.0,
        0.0,
        0.0
    ],
    "ImageCalibrationSize": [
        1285,
        968
    ],
    "Intrinsic": [
        [
            879.6875,
            0.0,
            0.0
        ],
        [
            0.0,
            879.6875,
            0.0
        ],
        [
            642.8125,
            484.0,
            1.0
        ]
    ],
    "NumGridPoints": [
        8,
        11
    ],
    "RCImagePos": [
        [
            0.649343729019165,
            0.2572314143180847
        ],
        [
            0.11652892827987671,
            0.3295454680919647
        ],
        [
            0.04885755851864815,
            0.8719007968902588
        ],
        [
            0.7629071474075317,
            0.7458677887916565
        ]
    ],
    "RCWorldPos": [
        [
            -10.5,
            14.850000381469727,
            0.0
        ],
        [
            -10.5,
            -14.850000381469727,
            0.0
        ],
        [
            10.5,
            -14.850000381469727,
            0.0
        ],
        [
            10.5,
            14.850000381469727,
            0.0
        ]
    ],
    "RCWorldSize": [
        21.0,
        29.700000762939453
    ],
    "RefImageFilePath": "28.jpg",
    "Rotation": [
        [
            0.12871988117694855,
            0.9916771054267883,
            -0.0027756148483604193
        ],
        [
            0.8749822378158569,
            -0.11488927155733109,
            -0.4703259766101837
        ],
        [
            -0.46673038601875305,
            0.05811169371008873,
            -0.8824883699417114
        ]
    ],
    "Rvec": [
        2.0587971210479736,
        1.807571291923523,
        -0.4546440541744232
    ],
    "Translation": [
        15.811505317687988,
        2.902747392654419,
        29.631900787353516
    ],
    "Tvec": [
        -4.831596851348877,
        0.43536078929901123,
        33.360836029052734
    ]
}