{
    "Distortion": [
        0.0,
        0.0,
        0.0,
        0.0
    ],
    "ImageCalibrationSize": [
        1285,
        968
    ],
    "Intrinsic": [
        [
            1115.625,
            0.0,
            0.0
        ],
        [
            0.0,
            1115.625,
            0.0
        ],
        [
            642.8125,
            484.0,
            1.0
        ]
    ],
    "NumGridPoints": [
        8,
        11
    ],
    "RCImagePos": [
        [
            0.9829999804496765,
            0.39100000262260437
        ],
        [
            0.43799999356269836,
            0.07199999690055847
        ],
        [
            0.07724841684103012,
            0.34917354583740234
        ],
        [
            0.7070000171661377,
            0.9670000076293945
        ]
    ],
    "RCWorldPos": [
        [
            -4.5,
            6.0,
            0.0
        ],
        [
            -4.5,
            -6.0,
            0.0
        ],
        [
            4.5,
            -6.0,
            0.0
        ],
        [
            4.5,
            6.0,
            0.0
        ]
    ],
    "RCWorldSize": [
        9.0,
        12.0
    ],
    "RefImageFilePath": "/home/tilen/dev/Omvex/images/bg1.jpg",
    "Rotation": [
        [
            -0.6287539005279541,
            0.7774776220321655,
            0.014040770009160042
        ],
        [
            0.5799254179000854,
            0.48086753487586975,
            -0.6576114892959595
        ],
        [
            -0.5180299878120422,
            -0.40533319115638733,
            -0.7532263994216919
        ]
    ],
    "Rvec": [
        1.1477829217910767,
        2.420745849609375,
        -0.8987969756126404
    ],
    "Translation": [
        8.65721321105957,
        6.243711948394775,
        9.748154640197754
    ],
    "Tvec": [
        0.45203885436058044,
        -1.6124380826950073,
        14.358046531677246
    ]
}