{
    "Distortion": [
        0.0,
        0.0,
        0.0,
        0.0
    ],
    "ImageCalibrationSize": [
        1473,
        828
    ],
    "Intrinsic": [
        [
            1089.0625,
            0.0,
            0.0
        ],
        [
            0.0,
            1089.0625,
            0.0
        ],
        [
            736.5,
            414.28125,
            1.0
        ]
    ],
    "NumGridPoints": [
        4,
        4
    ],
    "RCImagePos": [
        [
            0.691785454750061,
            0.2803424596786499
        ],
        [
            0.2742702066898346,
            0.299653023481369
        ],
        [
            0.07671418786048889,
            0.6894847750663757
        ],
        [
            0.9484046101570129,
            0.6255186200141907
        ]
    ],
    "RCWorldPos": [
        [
            -2.5,
            2.5,
            0.0
        ],
        [
            -2.5,
            -2.5,
            0.0
        ],
        [
            2.5,
            -2.5,
            0.0
        ],
        [
            2.5,
            2.5,
            0.0
        ]
    ],
    "RCWorldSize": [
        5.0,
        5.0
    ],
    "RefImageFilePath": "/home/tilen/dev/Omvex/images/bg2.jpeg",
    "Rotation": [
        [
            0.06320437043905258,
            0.9979372024536133,
            -0.011248603463172913
        ],
        [
            0.3831631541252136,
            -0.034671902656555176,
            -0.9230297207832336
        ],
        [
            -0.921515703201294,
            0.05402946099638939,
            -0.38456419110298157
        ]
    ],
    "Rvec": [
        1.5391721725463867,
        1.433953881263733,
        -0.9684603810310364
    ],
    "Translation": [
        6.194418430328369,
        -0.36214739084243774,
        2.092547655105591
    ],
    "Tvec": [
        -0.006575740408152342,
        -0.45454561710357666,
        6.5325398445129395
    ]
}