{
    "Distortion": [
        0.0,
        0.0,
        0.0,
        0.0
    ],
    "ImageCalibrationSize": [
        1285,
        968
    ],
    "Intrinsic": [
        [
            1096.875,
            0.0,
            0.0
        ],
        [
            0.0,
            1096.875,
            0.0
        ],
        [
            642.8125,
            484.0,
            1.0
        ]
    ],
    "NumGridPoints": [
        7,
        9
    ],
    "RCImagePos": [
        [
            0.8208556175231934,
            0.3636363744735718
        ],
        [
            0.28104034066200256,
            0.3068181872367859
        ],
        [
            0.061691783368587494,
            0.7789255976676941
        ],
        [
            0.9336411952972412,
            0.9183884263038635
        ]
    ],
    "RCWorldPos": [
        [
            -4.0,
            5.0,
            0.0
        ],
        [
            -4.0,
            -5.0,
            0.0
        ],
        [
            4.0,
            -5.0,
            0.0
        ],
        [
            4.0,
            5.0,
            0.0
        ]
    ],
    "RCWorldSize": [
        8.0,
        10.0
    ],
    "RefImageFilePath": "/home/tilen/dev/Omvex/images/bg3.jpg",
    "Rotation": [
        [
            -0.13055382668972015,
            0.9914175271987915,
            0.006851524114608765
        ],
        [
            0.6547041535377502,
            0.09139952808618546,
            -0.7503389716148376
        ],
        [
            -0.7445254325866699,
            -0.0934739038348198,
            -0.6610177755355835
        ]
    ],
    "Rvec": [
        1.6133044958114624,
        1.8454320430755615,
        -0.82699054479599
    ],
    "Translation": [
        9.258601188659668,
        0.8982433080673218,
        8.636420249938965
    ],
    "Tvec": [
        0.2590389847755432,
        0.33649903535842896,
        12.686054229736328
    ]
}