{
    "Distortion": [
        0.0,
        0.0,
        0.0,
        0.0
    ],
    "ImageCalibrationSize": [
        1285,
        968
    ],
    "Intrinsic": [
        [
            1068.75,
            0.0,
            0.0
        ],
        [
            0.0,
            1068.75,
            0.0
        ],
        [
            642.8125,
            484.0,
            1.0
        ]
    ],
    "NumGridPoints": [
        2,
        3
    ],
    "RCImagePos": [
        [
            0.8628585338592529,
            0.26859503984451294
        ],
        [
            0.3059309720993042,
            0.13016529381275177
        ],
        [
            0.10369469970464706,
            0.5971074104309082
        ],
        [
            0.836412250995636,
            0.8512396812438965
        ]
    ],
    "RCWorldPos": [
        [
            -1.5,
            2.0,
            0.0
        ],
        [
            -1.5,
            -2.0,
            0.0
        ],
        [
            1.5,
            -2.0,
            0.0
        ],
        [
            1.5,
            2.0,
            0.0
        ]
    ],
    "RCWorldSize": [
        3.0,
        4.0
    ],
    "RefImageFilePath": "/home/tilen/dev/Omvex/images/bg4.jpg",
    "Rotation": [
        [
            -0.2615732252597809,
            0.9651803374290466,
            -0.0025210476014763117
        ],
        [
            0.8233402967453003,
            0.22176861763000488,
            -0.5224265456199646
        ],
        [
            -0.50367671251297,
            -0.13872846961021423,
            -0.8526805639266968
        ]
    ],
    "Rvec": [
        1.6679763793945313,
        2.178577184677124,
        -0.6165938973426819
    ],
    "Translation": [
        2.9171972274780273,
        0.6851696968078613,
        4.158033847808838
    ],
    "Tvec": [
        0.11223097890615463,
        -0.38152793049812317,
        5.109851837158203
    ]
}