{
    "Distortion": [
        0.0,
        0.0,
        0.0,
        0.0
    ],
    "ImageCalibrationSize": [
        1285,
        968
    ],
    "Intrinsic": [
        [
            1075.0,
            0.0,
            0.0
        ],
        [
            0.0,
            1075.0,
            0.0
        ],
        [
            642.8125,
            484.0,
            1.0
        ]
    ],
    "NumGridPoints": [
        3,
        4
    ],
    "RCImagePos": [
        [
            0.8737481832504272,
            0.24070248007774353
        ],
        [
            0.3059309720993042,
            0.1487603336572647
        ],
        [
            0.0982498750090599,
            0.6570248007774353
        ],
        [
            0.9196402430534363,
            0.8595041036605835
        ]
    ],
    "RCWorldPos": [
        [
            -2.0,
            2.5,
            0.0
        ],
        [
            -2.0,
            -2.5,
            0.0
        ],
        [
            2.0,
            -2.5,
            0.0
        ],
        [
            2.0,
            2.5,
            0.0
        ]
    ],
    "RCWorldSize": [
        4.0,
        5.0
    ],
    "RefImageFilePath": "/home/tilen/dev/Omvex/images/bg5.jpg",
    "Rotation": [
        [
            -0.19493630528450012,
            0.9808046817779541,
            -0.004693514201790094
        ],
        [
            0.79024338722229,
            0.15422393381595612,
            -0.5930685997009277
        ],
        [
            -0.5809605717658997,
            -0.1193196177482605,
            -0.8051382899284363
        ]
    ],
    "Rvec": [
        1.6898423433303833,
        2.0555200576782227,
        -0.6797239184379578
    ],
    "Translation": [
        3.9880948066711426,
        0.5128922462463379,
        4.696949005126953
    ],
    "Tvec": [
        0.2964225709438324,
        -0.4450531601905823,
        6.159817218780518
    ]
}