{
    "Distortion": [
        0.0,
        0.0,
        0.0,
        0.0
    ],
    "ImageCalibrationSize": [
        1285,
        968
    ],
    "Intrinsic": [
        [
            1107.8125,
            0.0,
            0.0
        ],
        [
            0.0,
            1107.8125,
            0.0
        ],
        [
            642.8125,
            484.0,
            1.0
        ]
    ],
    "NumGridPoints": [
        4,
        5
    ],
    "RCImagePos": [
        [
            0.9033057689666748,
            0.20454545319080353
        ],
        [
            0.34793388843536377,
            0.01549586746841669
        ],
        [
            0.00413223123177886,
            0.4204545319080353
        ],
        [
            0.7601847052574158,
            0.8460744023323059
        ]
    ],
    "RCWorldPos": [
        [
            -2.5,
            3.0,
            0.0
        ],
        [
            -2.5,
            -3.0,
            0.0
        ],
        [
            2.5,
            -3.0,
            0.0
        ],
        [
            2.5,
            3.0,
            0.0
        ]
    ],
    "RCWorldSize": [
        5.0,
        6.0
    ],
    "RefImageFilePath": "/home/tilen/dev/Omvex/images/bg6.jpg",
    "Rotation": [
        [
            -0.432780921459198,
            0.9014421701431274,
            -0.010134275071322918
        ],
        [
            0.7110591530799866,
            0.3344248831272125,
            -0.6185101866722107
        ],
        [
            -0.5541620254516602,
            -0.27488547563552856,
            -0.785711407661438
        ]
    ],
    "Rvec": [
        1.4335376024246216,
        2.2695813179016113,
        -0.7942420244216919
    ],
    "Translation": [
        4.8942952156066895,
        2.5023303031921387,
        4.966980457305908
    ],
    "Tvec": [
        -0.08721186220645905,
        -1.2448468208312988,
        7.302700519561768
    ]
}